x1,x2,y
6.39,1.895,1
5.722,4.936,0
6.608,0.2,1
4.627,5.031,0
3.556,3.831,0
5.124,2.097,1
6.112,5.398,0
6.593,3.577,1
6.001,1.688,1
3.129,2.313,0
1.742,3.642,0
0.644,2.382,0
2.075,6.689,1
2.832,0.184,0
1.38,1.939,0
1.032,4.863,1
6.359,3.999,0
1.265,3.209,0
0.045,1.543,0
2.268,3.839,0
3.754,0.464,1
1.135,5.384,1
2.561,5.149,0
2.49,2.563,0
5.154,6.236,0
0.132,4.11,1
5.358,2.011,1
6.571,1.949,1
0.855,4.811,1
1.877,1.424,0
5.91,6.341,0
3.637,5.427,0
3.623,5.804,0
6.62,4.519,0
2.848,5.828,1
2.435,3.704,0
0.239,6.209,1
0.392,3.334,1
3.107,0.139,1
0.651,1.14,0
3.351,5.241,0
5.4,1.641,1
6.825,3.001,1
4.959,5.435,0
4.806,0.127,1
2.988,4.875,0
6.318,1.721,1
4.68,5.1,0
2.633,1.79,0
2.584,0.285,0
5.44,3.754,0
4.221,3.866,0
4.494,1.727,0
1.032,4.713,1
2.717,1.102,0
0.206,1.049,0
3.625,4.05,0
5.544,6.848,0
3.205,5.796,0
2.433,1.03,0
3.664,4.889,0
6.096,2.531,1
0.205,0.219,0
0.886,6.79,1
2.117,6.049,1
1.538,6.527,1
5.009,1.962,1
6.419,4.074,0
5.897,1.505,1
5.929,5.589,0
0.791,5.273,1
5.241,4.207,0
4.92,0.575,1
1.992,2.666,0
4.874,0.321,1
2.635,1.327,0
1.574,1.112,0
4.643,0.377,1
5.152,3.258,0
5.276,2.979,0
0.803,3.543,0
2.094,3.708,0
1.69,6.54,1
0.393,2.969,0
3.379,3.544,0
5.02,5.921,0
0.274,1.202,0
3.66,3.303,0
0.635,6.893,1
0.81,3.512,0
4.002,3.519,0
4.539,1.219,1
5.916,5.209,0
4.038,1.069,1
3.124,6.563,1
1.588,2.314,0
4.698,1.91,0
0.205,1.966,0
3.352,6.613,1
1.756,6.593,1
0.378,5.351,1
5.43,5.75,0
3.656,0.792,0
6.849,0.753,1
5.884,3.686,0
1.417,3.711,0
6.701,0.14,1
1.589,5.907,1
5.838,4.908,0
2.498,6.135,1
4.885,6.339,0
0.838,0.293,0
2.499,2.232,0
1.637,6.726,1
5.547,0.896,1
2.172,0.373,0
2.63,0.593,0
4.223,0.216,1
1.299,1.163,0
3.195,6.929,1
6.866,1.443,1
0.177,5.913,1
5.915,5.546,0
5.404,3.262,0
1.137,6.175,1
0.536,0.014,0
6.57,5.762,0
3.051,6.438,1
0.469,4.871,1
3.136,4.53,0
5.824,3.902,0
0.479,6.46,1
5.469,4.737,0
4.205,4.686,0
0.225,1.435,0
2.035,6.448,1
2.01,5.929,1
5.289,4.502,0
0.247,4.063,1
5.249,1.197,1
2.719,1.5,0
0.37,3.385,1
4.028,1.568,0
3.954,2.344,0
5.555,0.982,1
3.705,2.072,0
6.836,1.993,1
1.085,3.249,0
3.069,3.044,0
2.972,1.528,0
0.365,3.06,0
5.317,6.062,0
5.748,4.253,0
0.013,2.699,0
6.324,1.746,1
3.833,1.391,0
3.774,2.207,0
4.293,3.301,0
2.719,2.687,0
2.632,0.796,0
4.221,6.855,0
5.212,3.262,0
6.223,2.706,1
2.897,4.681,0
0.189,6.627,1
0.216,4.896,1
4.92,5.247,0
3.304,4.411,0
1.117,0.815,0
0.031,4.858,1
3.037,6.495,1
0.995,6.482,1
5.12,6.035,0
1.682,0.552,0
2.019,3.273,0
4.644,6.121,0
5.02,2.712,0
6.178,3.668,0
1.136,4.319,1
5.927,0.245,1
0.613,0.951,0
5.122,3.539,0
1.795,2.391,0
0.317,2.025,0
2.994,4.922,0
1.399,1.194,0
1.782,6.921,1
1.844,6.788,1
1.965,2.327,0
6.255,1.699,1
5.43,6.565,0
0.634,0.047,0
4.863,0.825,1
3.523,3.696,0
6.0,5.035,0
2.033,2.96,0
4.167,1.964,0
0.558,2.209,0
0.546,6.619,1
2.116,4.984,0
2.932,5.73,0
0.046,6.765,1
3.411,4.52,0
0.263,3.095,0
0.019,1.201,0
2.295,1.454,0
1.634,2.231,0
3.364,3.831,0
2.964,1.041,0
4.498,4.958,0
4.887,1.279,1
1.434,6.858,1
5.65,2.108,1
6.967,2.013,1
1.128,4.019,0
1.56,4.512,1
1.464,0.535,0
1.329,1.667,0
3.376,4.627,0
3.746,6.407,0
3.611,2.694,0
5.61,4.309,0
5.97,2.942,1
0.151,0.475,0
0.497,5.399,1
3.353,0.854,0
0.151,4.233,1
6.92,4.053,0
4.667,2.849,0
5.096,5.201,0
3.241,4.053,0
0.909,4.725,1
4.722,5.949,0
1.516,6.968,1
6.697,2.186,1
2.319,3.38,0
0.024,6.893,1
0.611,0.383,0
6.292,2.695,1
6.785,2.797,1
0.8,1.68,0
5.936,3.374,0
2.922,6.757,1
1.688,6.35,1
4.528,1.632,0
5.265,5.089,0
3.297,6.725,1
3.715,4.322,0
1.669,0.446,0
3.785,2.09,0
5.69,5.292,0
1.741,6.685,1
5.97,5.456,0
1.33,3.753,0
6.638,1.801,1
2.974,0.932,0
5.439,3.725,0
2.158,4.422,0
6.641,1.068,1
1.435,1.146,0
3.164,5.374,0
2.441,3.017,0
1.645,4.479,0
0.651,4.595,1
3.898,6.965,1
0.7,2.957,0
1.168,5.803,1
5.566,2.052,1
4.491,3.745,0
5.431,3.61,0
4.61,1.346,1
1.621,4.603,1
5.955,4.467,0
0.011,5.978,1
5.092,5.59,0
4.5,6.242,0
5.953,1.032,1
4.402,2.854,0
2.285,4.29,0
2.578,6.405,1
6.212,6.285,0
5.85,5.053,0
1.923,6.1,1
6.94,2.613,1
1.698,2.857,0
3.28,2.617,0
3.272,6.88,1
3.097,5.653,0
6.761,6.335,0
6.252,0.951,1
3.494,0.924,0
0.773,6.193,1
1.881,5.931,1
2.628,4.684,0
3.766,3.019,0
4.428,5.437,0
4.324,1.235,1
5.828,0.661,1
1.41,3.863,0
6.063,0.708,1
2.142,6.803,1
0.207,1.204,0
0.681,1.075,0
2.336,6.289,1
2.055,6.469,1
6.949,2.28,1
3.473,5.301,0
5.168,0.431,1
0.952,4.805,1
5.524,6.748,0
2.916,3.706,0
3.731,4.418,0
4.15,5.124,0
1.092,4.782,1
1.281,6.769,1
0.092,2.171,0
2.806,6.536,1
1.945,1.939,0
0.454,2.701,0
1.161,3.118,0
3.233,2.728,0
1.297,0.963,0
1.846,2.167,0
6.646,2.318,1
1.577,5.894,1
0.257,5.273,1
5.171,1.301,1
6.029,2.289,1
6.228,1.716,1
3.217,1.739,0
1.96,6.51,1
6.52,6.446,0
6.834,1.523,1
5.251,5.749,0
6.606,0.033,1
4.694,1.211,1
4.659,3.419,0
2.697,2.441,0
0.299,3.579,1
4.366,1.407,1
4.406,6.447,0
5.309,4.004,0
4.482,0.972,1
0.24,4.129,1
6.91,5.986,0
0.71,2.93,0
2.526,3.922,0
1.409,5.752,1
1.67,2.385,0
4.242,0.424,1
2.329,1.217,0
4.144,1.842,0
2.892,2.221,0
1.201,4.826,1
1.359,0.347,0
2.887,3.614,0
0.879,6.227,1
5.409,0.829,1
0.341,6.099,1
4.538,2.408,0
6.237,3.985,0
6.492,2.919,1
4.496,6.176,0
2.19,0.315,0
4.866,3.875,0
5.267,2.399,0
4.354,5.123,0
6.655,4.004,0
3.612,4.822,0
3.244,5.912,0
1.625,2.767,0
0.533,5.371,1
0.3,1.612,0
1.819,4.752,1
2.353,6.78,1
6.133,3.021,1
6.109,6.236,0
2.511,6.182,1
0.046,2.095,0
5.481,2.443,1
0.291,0.428,0
4.585,5.137,0
0.0,4.405,1
1.119,2.759,0
3.93,3.371,0
4.739,2.118,0
3.947,5.334,0
3.966,2.911,0
2.834,6.166,1
6.831,4.064,0
5.445,0.208,1
5.528,6.839,0
5.525,2.424,1
1.84,2.94,0
4.227,3.585,0
3.37,1.732,0
5.182,4.231,0
6.91,1.476,1
5.994,3.213,0
5.781,1.093,1
2.87,1.57,0
6.681,0.78,1
1.537,4.677,1
2.021,1.51,0
4.476,0.862,1
4.854,2.165,0
1.787,3.608,0
3.135,2.603,0
1.232,2.666,0
0.536,0.762,0
5.344,3.211,0
5.894,4.977,0
0.372,5.545,1
6.106,0.103,1
4.561,6.458,0
4.927,0.621,1
3.918,3.566,0
5.17,4.867,0
0.03,6.15,1
5.831,0.336,1
6.347,0.008,1
0.769,1.048,0
0.497,6.05,1
0.597,5.326,1
4.486,5.787,0
1.449,4.574,1
6.531,0.335,1
4.854,2.123,0
3.646,2.238,0
6.668,5.822,0
4.68,4.665,0
0.396,6.486,1
3.974,3.499,0
6.588,1.186,1
4.357,6.183,0
6.904,1.214,1
5.672,3.357,0
1.237,0.25,0
1.206,5.188,1
3.479,1.221,0
5.281,3.267,0
5.543,0.707,1
4.069,6.846,0
5.5,0.934,1
4.696,6.8,0
1.529,3.691,0
0.589,5.197,1
6.757,6.003,0
6.541,3.364,1
0.851,5.459,1
5.009,1.033,1
2.401,3.396,0
2.084,6.401,1
5.597,3.802,0
3.981,6.011,0
3.825,6.205,0
3.578,5.334,0
3.873,0.903,1
4.65,6.972,0
1.28,2.692,0
2.617,4.573,0
0.077,3.395,1
5.227,6.493,0
3.581,2.77,0
4.382,5.758,0
0.609,0.995,0
3.192,6.076,0
2.977,5.679,0
1.602,2.167,0
1.494,2.95,0
4.411,6.812,0
3.512,1.445,0
4.671,4.538,0
6.167,0.2,1
0.267,2.945,0
4.058,4.954,0
5.847,1.996,1
5.353,1.638,1
4.175,3.912,0
5.212,1.405,1
0.665,0.395,0
0.795,3.552,0
4.568,3.292,0
6.89,6.152,0
3.792,1.24,0
3.4,5.855,0
1.831,4.028,0
6.987,3.815,1
5.953,3.174,0
3.157,6.172,1
0.716,1.885,0
4.003,4.506,0
0.464,6.978,1
4.409,4.07,0
4.085,2.454,0
2.238,4.135,0
6.986,1.97,1
2.588,3.926,0
1.506,6.075,1
1.715,6.688,1
1.092,6.549,1
0.002,5.361,1
1.351,5.851,1
2.151,5.645,1
0.003,5.622,1
3.986,2.226,0
5.689,0.599,1
0.03,4.333,1
4.343,5.578,0
5.73,2.214,1
6.884,5.682,0
2.481,4.92,0
0.767,0.994,0
6.425,6.705,0
1.663,0.626,0
1.462,0.516,0
0.884,5.959,1
5.895,4.523,0
2.425,6.605,1
1.134,0.284,0
6.25,3.217,1
1.319,6.952,1
1.02,3.27,0
6.16,2.984,1
3.078,3.063,0
1.871,6.069,1
5.835,4.949,0
1.593,5.214,1
4.105,5.652,0
0.746,1.606,0
2.938,0.271,0
4.927,1.841,1
1.154,1.724,0
6.493,2.089,1
3.376,1.487,0
1.426,6.55,1
3.107,4.888,0
1.064,2.682,0
4.51,5.74,0
5.969,2.749,1
3.345,1.589,0
2.037,2.008,0
0.761,4.913,1
1.407,5.176,1
4.349,6.714,0
2.713,4.351,0
1.337,6.135,1
0.22,5.094,1
4.197,4.763,0
6.312,1.993,1
1.36,2.501,0
5.501,6.971,0
4.109,1.724,0
0.367,2.371,0
2.917,6.903,1
0.224,3.849,1
2.298,5.665,1
3.96,6.602,0
3.908,4.055,0
6.28,0.396,1
6.439,1.88,1
2.19,5.129,1
2.562,0.771,0
1.613,5.499,1
4.589,4.55,0
0.298,5.057,1
0.139,5.941,1
2.443,1.005,0
3.337,3.511,0
1.754,0.414,0
1.34,2.188,0
3.251,2.522,0
1.226,4.185,1
5.201,5.323,0
2.296,3.1,0
2.583,5.201,0
4.779,5.143,0
3.151,4.107,0
5.902,1.578,1
6.14,1.017,1
6.945,6.781,0
3.717,4.901,0
0.984,6.355,1
0.701,4.443,1
2.999,3.658,0
3.677,4.075,0
2.347,3.353,0
6.952,1.319,1
2.408,2.353,0
4.518,6.962,0
6.934,6.792,0
0.661,3.325,0
6.878,3.903,1
1.939,3.166,0
3.812,6.186,0
6.757,5.629,0
2.283,4.549,0
0.878,1.854,0
5.695,6.649,0
5.103,5.92,0
3.526,0.441,1
3.047,1.834,0
4.35,4.502,0
0.978,0.699,0
3.878,6.979,1
6.728,0.168,1
6.25,6.011,0
1.822,2.014,0
1.951,2.12,0
3.779,5.654,0
5.714,0.17,1
5.817,6.733,0
5.344,2.12,1
0.844,5.793,1
1.953,5.446,1
1.545,4.363,0
4.575,6.42,0
2.65,4.267,0
0.553,3.245,0
0.365,4.801,1
0.376,3.707,1
1.364,6.316,1
6.179,4.79,0
1.948,5.022,1
0.774,3.822,1
0.814,2.577,0
1.83,4.737,1
4.538,2.344,0
6.347,6.762,0
5.73,5.917,0
6.748,5.968,0
5.6,3.236,0
3.821,3.466,0
3.127,5.051,0
2.851,1.853,0
2.181,6.121,1
5.942,4.718,0
2.877,5.547,0
1.422,4.096,0
3.821,4.511,0
0.546,4.429,1
0.015,4.69,1
0.619,6.91,1
6.744,3.992,0
4.308,2.852,0
2.322,2.75,0
6.925,5.106,0
5.119,4.689,0
6.914,1.834,1
1.758,1.701,0
4.649,5.706,0
1.982,5.252,1
3.437,1.202,0
0.84,1.44,0
1.145,0.269,0
0.368,2.055,0
6.051,0.834,1
5.831,2.965,0
6.188,5.66,0
2.673,2.014,0
4.037,2.136,0
2.171,3.881,0
4.236,3.708,0
3.155,4.861,0
6.913,3.881,1
2.234,0.015,0
2.153,2.818,0
2.753,6.604,1
6.576,6.588,0
6.291,3.285,1
1.471,6.35,1
5.654,5.953,0
4.16,1.967,0
0.732,6.869,1
5.842,3.959,0
1.041,1.195,0
2.057,3.137,0
5.274,1.554,1
3.512,1.171,0
1.724,3.182,0
4.443,3.12,0
3.618,2.475,0
6.907,2.128,1
4.039,3.523,0
5.453,2.004,1
4.663,6.477,0
1.215,1.631,0
5.274,0.199,1
6.927,4.08,0
1.328,6.019,1
2.354,6.092,1
3.322,4.242,0
4.117,4.241,0
5.332,1.115,1
0.619,1.79,0
3.152,0.189,1
4.381,2.608,0
1.907,3.617,0
6.609,3.601,1
2.391,6.982,1
5.785,0.699,1
5.179,5.051,0
1.139,1.724,0
3.079,0.655,0
3.934,1.037,0
6.048,1.316,1
5.013,3.213,0
1.18,4.633,1
4.139,0.724,1
2.008,6.629,1
0.126,3.074,1
2.065,3.25,0
1.624,1.699,0
6.594,0.407,1
1.298,6.636,1
5.495,3.733,0
3.663,2.442,0
3.061,3.05,0
1.538,3.458,0
5.851,5.568,0
4.259,3.022,0
1.641,2.559,0
1.199,0.35,0
6.247,4.971,0
6.605,3.178,1
5.044,3.147,0
0.981,0.942,0
5.098,0.705,1
0.227,5.214,1
6.829,0.013,1
2.602,0.864,0
3.438,6.236,0
0.031,0.863,0
6.474,0.168,1
0.583,1.563,0
1.88,2.522,0
0.79,1.826,0
4.691,4.833,0
0.863,1.103,0
1.849,4.881,1
5.069,2.146,1
1.757,3.699,0
5.287,4.161,0
6.347,3.96,0
0.009,1.275,0
5.573,2.511,1
1.459,1.819,0
2.032,1.431,0
1.669,6.215,1
2.942,1.577,0
3.423,3.574,0
1.518,3.011,0
4.042,4.28,0
3.82,5.756,0
1.45,1.211,0
1.264,0.419,0
3.661,3.98,0
5.786,4.052,0
4.146,4.644,0
6.77,1.564,1
4.32,3.092,0
0.721,2.895,0
0.356,5.337,1
0.127,6.404,1
0.505,3.995,1
4.462,0.361,1
4.243,0.371,1
1.497,3.318,0
2.942,6.305,1
4.449,5.719,0
4.703,4.633,0
6.335,5.837,0
4.594,2.083,0
5.361,5.712,0
2.681,6.108,1
2.808,0.104,0
0.434,2.638,0
0.483,2.842,0
3.554,4.798,0
3.023,4.837,0
0.085,2.734,0
1.432,4.867,1
1.337,0.288,0
2.086,0.16,0
5.485,3.057,0
1.274,2.892,0
1.717,0.66,0
0.212,1.071,0
6.151,0.146,1
4.136,4.522,0
3.989,1.921,0
2.521,1.247,0
6.115,6.517,0
0.367,0.251,0
2.309,0.874,0
3.117,3.882,0
6.125,1.92,1
1.116,0.813,0
6.082,1.029,1
3.023,2.755,0
4.673,2.913,0
1.541,6.005,1
6.548,3.361,1
0.989,0.011,0
5.344,3.087,0
0.171,2.131,0
4.504,2.998,0
5.127,0.947,1
0.491,1.637,0
3.26,3.422,0
6.495,6.755,0
0.332,1.588,0
1.456,0.255,0
5.009,1.766,1
6.747,1.826,1
3.938,1.17,0
6.714,5.525,0
2.825,1.804,0
1.761,0.758,0
2.452,3.619,0
4.97,6.234,0
6.616,3.593,1
3.7,2.533,0
5.116,3.163,0
5.136,2.819,0
6.502,5.844,0
5.95,5.218,0
0.539,0.976,0
4.499,6.636,0
1.692,6.419,1
6.748,1.687,1
3.94,4.086,0
3.262,6.95,1
6.724,3.211,1
0.272,2.986,0
5.611,6.575,0
6.037,5.316,0
0.267,0.15,0
5.487,4.067,0
2.477,1.39,0
3.112,4.936,0
6.215,1.674,1
6.677,6.09,0
5.837,2.42,1
0.859,2.672,0
1.821,4.178,0
2.559,2.765,0
1.28,2.575,0
1.289,4.004,0
3.804,0.721,1
2.794,6.697,1
4.18,0.18,1
1.786,6.798,1
6.382,0.146,1
4.842,2.718,0
1.859,5.201,1
3.078,1.733,0
4.138,0.372,1
2.359,2.506,0
5.359,2.95,0
4.838,6.036,0
6.052,2.926,1
1.487,4.237,0
6.813,6.028,0
1.016,2.184,0
5.305,4.571,0
6.258,1.347,1
1.709,5.473,1
4.713,1.55,1
2.068,4.416,0
2.494,4.93,0
2.913,1.124,0
5.12,6.468,0
5.148,3.404,0
0.552,1.951,0
5.966,4.689,0
5.182,5.735,0
1.729,3.92,0
1.432,3.224,0
1.018,2.808,0
1.261,1.319,0
6.358,1.549,1
6.95,5.101,0
4.696,2.81,0
3.362,4.485,0
6.24,0.251,1
5.105,6.731,0
0.51,5.942,1
1.434,1.767,0
4.657,0.208,1
2.483,6.504,1
1.156,5.542,1
1.228,2.42,0
5.205,5.441,0
2.778,3.589,0
6.732,3.461,1
5.482,5.146,0
3.544,2.432,0
6.0,4.969,0
2.433,1.612,0
5.879,3.015,0
0.362,3.35,1
6.182,1.83,1
4.463,3.462,0
2.228,0.187,0
4.703,0.516,1
5.195,1.985,1
3.473,0.941,0
1.294,0.238,0
4.432,4.396,0
2.205,1.949,0
5.258,2.607,0
0.267,4.833,1
5.18,3.407,0
5.153,3.227,0
3.592,5.823,0
0.886,1.659,0
6.581,0.723,1
6.017,4.155,0
5.004,5.756,0
3.251,6.289,1
0.173,6.283,1
5.909,6.022,0
4.541,5.689,0
4.199,3.331,0
3.447,6.521,1
3.391,3.305,0
1.33,3.046,0
1.226,2.403,0
5.91,5.418,0
1.66,1.878,0
5.244,6.81,0
4.259,0.143,1
1.944,2.573,0
5.509,4.796,0
6.243,3.425,0
4.285,1.947,0
4.814,4.418,0
3.095,5.7,0
5.72,2.634,1
5.836,3.66,0
0.488,1.149,0
5.522,0.049,1
5.711,1.485,1
5.564,1.209,1
0.378,4.676,1
0.3,0.489,0
2.71,5.651,1
5.121,6.322,0
4.772,5.904,0
5.291,5.274,0
1.901,2.308,0
0.071,1.531,0
3.607,6.756,1
0.206,6.128,1
1.814,2.925,0
6.597,6.2,0
1.233,6.561,1
6.29,1.171,1
5.881,0.206,1
3.073,5.659,0
6.997,3.204,1
4.592,6.385,0
2.806,4.642,0
0.91,5.144,1
5.401,1.246,1
1.61,2.908,0
5.469,6.795,0
1.855,4.706,0
5.855,0.639,1
0.855,1.969,0
3.581,3.121,0
2.95,3.411,0
1.156,3.922,0
4.239,1.569,0
0.428,0.611,0
3.544,2.692,0
1.193,4.195,1
0.932,5.164,1
1.881,1.278,0
5.291,3.442,0
3.076,4.743,0
4.943,0.787,1
5.879,5.555,0
2.401,6.747,1
0.206,4.862,1
3.228,6.216,1
3.158,1.786,0
0.063,3.257,1
2.758,2.533,0
2.719,1.593,0
1.369,4.725,1
3.343,2.301,0
0.719,0.609,0
6.793,5.601,0
5.681,2.774,1
2.929,6.845,1
1.15,2.794,0
1.743,0.386,0
3.959,3.869,0
2.722,1.658,0
4.881,6.406,0
5.34,6.457,0
5.609,5.374,0
2.551,6.95,1
4.711,5.967,0
3.262,6.651,1
1.591,2.72,0
6.311,1.422,1
1.924,4.749,0
1.532,5.108,1
6.565,6.204,0
1.517,1.67,0
0.371,4.693,1
2.499,6.771,1
1.671,0.733,0
0.953,6.168,1
0.776,5.962,1
0.279,5.637,1
4.737,4.803,0
1.472,0.758,0
1.383,6.246,1
4.633,5.937,0
3.887,5.204,0
5.848,4.686,0
2.726,0.818,0
4.256,4.472,0
3.5,0.879,0
4.566,6.144,0
6.147,1.171,1
5.611,6.026,0
4.086,6.101,0
6.698,0.74,1
0.761,5.98,1
2.145,6.892,1
1.026,1.161,0
2.118,4.842,0
1.511,3.795,0
3.656,1.85,0
0.418,0.747,0
2.679,0.58,0
1.122,4.396,1
2.73,0.886,0
5.375,4.419,0
2.657,3.499,0
3.351,3.278,0
3.084,3.86,0
2.557,4.823,0
4.999,6.083,0
5.022,0.348,1
6.745,0.749,1
4.043,6.903,0
3.634,1.617,0
3.451,6.513,1
6.691,1.433,1
1.754,3.526,0
3.574,4.48,0
6.737,2.37,1
2.713,0.373,0
6.608,3.69,1
4.34,6.377,0
6.974,3.782,1
6.486,6.15,0
6.392,5.677,0
5.345,5.958,0
0.894,4.462,1
3.234,5.691,0
4.006,3.301,0
0.822,3.814,1
6.259,0.839,1
2.798,1.257,0
2.133,0.044,0
6.773,0.022,1
2.396,1.953,0
4.987,5.719,0
4.97,0.176,1
3.093,5.479,0
6.112,3.715,0
5.561,3.029,0
3.193,1.68,0
1.28,3.749,0
6.45,1.726,1
0.103,6.893,1
4.067,3.955,0
2.299,0.421,0
6.811,5.571,0
6.534,5.934,0
1.77,5.024,1
0.942,6.583,1
1.896,1.0,0
2.796,6.19,1
6.137,1.799,1
6.448,3.042,1
2.198,0.362,0
2.026,1.182,0
0.8,0.888,0
4.975,0.845,1
1.109,0.783,0
4.232,4.041,0
4.91,2.87,0
5.541,3.879,0
6.418,6.553,0
1.624,2.742,0
1.075,0.828,0
6.275,0.094,1
0.197,1.917,0
4.225,0.462,1
6.221,5.951,0
6.942,0.615,1
6.817,3.4,1
3.095,2.341,0
1.791,1.959,0
0.084,0.611,0
1.887,3.443,0
5.234,6.541,0
5.712,1.432,1
4.766,6.478,0
3.513,3.613,0
0.873,5.394,1
1.682,6.955,1
3.844,0.212,1
2.597,0.446,0
0.745,3.95,1
5.094,3.72,0
1.913,2.088,0
5.386,2.563,0
0.475,5.538,1
6.235,6.49,0
1.405,5.344,1
0.741,3.053,0
6.76,1.058,1
2.011,3.804,0
4.834,6.895,0
6.077,6.423,0
0.915,1.583,0
1.815,6.778,1
1.341,6.186,1
4.206,4.524,0
5.037,1.727,1
1.59,6.768,1
6.643,3.069,1
1.673,5.193,1
6.142,3.25,0
2.783,1.08,0
3.182,1.684,0
5.992,3.192,0
5.075,1.331,1
6.847,4.353,0
0.121,4.937,1
3.158,5.664,0
0.957,5.882,1
6.944,6.013,0
3.313,1.252,0
5.893,2.255,1
0.659,3.733,1
1.456,6.989,1
2.65,5.768,1
3.745,3.733,0
5.962,0.183,1
0.68,1.706,0
6.019,6.878,0
2.919,2.117,0
4.953,2.241,0
0.47,6.032,1
1.16,3.853,0
2.317,4.609,0
2.311,1.133,0
3.855,6.386,0
4.167,0.127,1
2.066,0.119,0
2.33,2.596,0
2.742,1.418,0
4.428,2.279,0
3.036,1.978,0
4.551,5.453,0
5.262,0.136,1
6.572,2.409,1
3.446,3.122,0
5.164,5.303,0
6.199,0.31,1
3.483,0.921,0
4.158,5.138,0
0.244,2.093,0
3.708,4.408,0
4.392,0.639,1
4.783,5.093,0
1.193,0.438,0
4.906,0.405,1
1.498,4.71,1
6.161,6.941,0
1.297,1.855,0
6.321,2.733,1
5.013,4.828,0
3.392,1.783,0
1.71,3.903,0
0.765,4.642,1
5.45,3.722,0
2.19,5.843,1
4.372,4.94,0
1.113,2.348,0
0.53,2.709,0
3.594,0.773,0
2.112,6.199,1
5.904,2.715,1
5.07,6.665,0
4.805,1.295,1
3.407,6.732,1
2.376,2.691,0
6.559,6.109,0
0.24,1.634,0
2.713,2.506,0
0.354,0.053,0
6.585,2.041,1
3.18,6.363,1
4.47,6.889,0
4.654,1.342,1
0.157,4.754,1
3.572,2.136,0
3.077,0.931,0
1.397,5.818,1
0.3,1.126,0
0.461,6.751,1
4.467,0.069,1
3.609,1.496,0
0.563,3.589,1
2.68,3.658,0
3.208,2.75,0
1.701,4.666,1
1.78,2.065,0
5.766,3.232,0
6.12,4.698,0
6.117,6.546,0
6.143,1.921,1
3.888,6.772,0
2.703,5.956,1
6.054,5.646,0
1.296,1.782,0
4.945,0.965,1
6.013,3.805,0
2.856,5.143,0
5.907,4.923,0
2.538,5.674,1
0.001,5.931,1
3.863,2.004,0
3.509,3.493,0
3.257,0.338,1
2.42,1.245,0
4.078,6.118,0
3.123,0.452,0
4.713,5.137,0
2.235,3.747,0
4.017,3.265,0
4.964,2.634,0
4.158,4.153,0
2.869,0.09,0
5.103,5.338,0
3.67,3.101,0
3.693,1.084,0
0.004,2.422,0
3.517,5.645,0
0.71,2.408,0
5.22,2.631,0
2.585,1.751,0
4.665,4.041,0
2.413,6.837,1
1.465,5.396,1
4.981,5.334,0
0.155,1.632,0
3.982,0.296,1
3.807,2.853,0
0.979,0.521,0
4.078,6.485,0
4.602,1.608,1
4.744,5.693,0
3.409,0.122,1
3.663,5.578,0
6.331,4.189,0
4.505,6.828,0
2.672,3.057,0
4.155,6.359,0
2.222,5.613,1
0.947,2.477,0
5.997,2.997,1
0.149,5.359,1
4.236,3.399,0
3.939,4.755,0
2.864,0.52,0
0.309,4.682,1
5.531,6.346,0
0.42,6.799,1
3.684,6.445,0
4.198,6.117,0
1.366,0.135,0
6.16,4.168,0
5.05,4.665,0
2.437,3.598,0
2.738,4.768,0
2.12,6.715,1
1.064,3.808,0
1.289,4.678,1
0.652,1.35,0
3.651,0.321,1
1.852,6.934,1
0.5,4.502,1
6.238,1.151,1
0.12,5.884,1
6.062,1.623,1
1.933,1.625,0
4.802,1.216,1
6.937,3.259,1
6.191,6.523,0
0.372,2.473,0
5.273,4.366,0
4.64,5.514,0
6.327,6.768,0
6.819,6.383,0
2.604,3.513,0
6.599,1.197,1
1.182,0.473,0
6.193,0.003,1
6.322,2.914,1
2.796,4.689,0
3.969,6.282,0
2.839,0.865,0
6.858,2.457,1
2.435,3.653,0
4.032,1.187,0
4.66,6.621,0
2.666,5.792,1
2.561,4.081,0
2.11,2.909,0
4.055,1.054,1
1.551,2.566,0
2.772,3.929,0
3.333,0.462,0
5.385,1.102,1
0.773,4.073,1
2.403,3.559,0
0.51,0.78,0
4.764,1.112,1
1.26,2.346,0
1.711,2.903,0
2.671,2.08,0
2.229,3.596,0
6.922,4.421,0
6.748,0.381,1
0.514,1.923,0
2.96,1.988,0
2.957,1.165,0
4.366,1.802,0
4.532,2.836,0
4.976,0.599,1
1.346,1.961,0
4.4,6.88,0
1.849,4.642,0
5.437,0.568,1
2.009,2.757,0
0.482,2.533,0
5.234,2.423,0
5.96,4.669,0
1.167,1.575,0
2.114,5.894,1
6.195,2.056,1
6.191,0.305,1
2.236,1.967,0
0.371,6.876,1
2.675,1.742,0
3.922,1.627,0
5.697,6.621,0
1.581,3.798,0
4.654,0.886,1
1.22,5.855,1
1.452,2.472,0
0.75,3.188,0
6.419,4.533,0
1.422,6.202,1
4.36,2.63,0
5.909,0.903,1
4.971,2.297,0
6.159,5.909,0
2.753,6.994,1
0.644,4.665,1
5.834,1.806,1
0.66,5.472,1
1.527,3.466,0
4.611,4.419,0
4.439,4.317,0
1.38,6.344,1
4.034,2.296,0
1.23,5.12,1
3.895,6.503,0
0.639,6.324,1
6.825,5.941,0
0.482,0.478,0
0.138,2.705,0
0.325,4.021,1
1.789,5.238,1
7.0,5.13,0
3.773,2.049,0
0.542,3.557,1
4.316,2.549,0
6.628,6.314,0
0.403,4.492,1
0.698,4.932,1
4.895,1.354,1
6.892,4.003,0
1.627,4.61,1
2.123,6.428,1
5.505,4.834,0
2.741,2.501,0
5.586,2.373,1
5.873,5.554,0
3.967,3.989,0
4.501,3.17,0
2.562,4.296,0
4.849,0.081,1
0.806,2.899,0
2.778,0.965,0
3.563,3.351,0
0.354,2.142,0
2.635,6.804,1
1.259,1.05,0
2.58,1.511,0
1.522,4.969,1
3.469,4.23,0
5.503,6.227,0
6.88,1.99,1
1.664,0.543,0
6.021,1.899,1
6.442,4.893,0
2.37,2.38,0
5.406,4.591,0
1.61,1.297,0
6.275,1.991,1
5.102,2.172,1
5.125,2.765,0
6.128,5.046,0
2.962,1.969,0
0.185,3.138,1
0.497,0.056,0
0.022,3.535,1
1.71,2.259,0
3.772,4.113,0
4.387,4.877,0
0.72,5.447,1
6.578,3.269,1
6.001,2.62,1
5.156,5.476,0
4.454,6.239,0
0.556,1.296,0
5.647,5.75,0
5.159,2.37,0
2.727,5.089,0
1.837,4.133,0
5.966,3.989,0
0.255,2.477,0
5.483,1.118,1
5.485,3.789,0
3.534,3.842,0
2.501,1.654,0
1.079,4.036,1
6.663,6.004,0
1.035,1.635,0
4.233,4.073,0
5.179,6.058,0
0.932,0.757,0
5.101,5.48,0
5.638,1.922,1
2.946,6.059,1
5.924,5.925,0
6.324,2.92,1
1.328,2.591,0
5.943,5.006,0
5.062,3.442,0
6.597,4.881,0
1.906,5.525,1
3.26,0.076,1
0.038,2.298,0
0.756,4.933,1
3.122,0.827,0
2.755,0.647,0
1.866,5.134,1
5.613,3.311,0
5.571,1.257,1
4.67,4.971,0
1.661,5.599,1
6.304,0.367,1
1.337,0.271,0
0.249,2.482,0
0.63,2.085,0
3.142,6.34,1
2.545,4.387,0
5.738,2.71,1
4.326,6.925,0
2.671,5.948,1
4.571,2.364,0
2.775,3.934,0
2.753,1.173,0
5.777,6.568,0
2.414,4.235,0
6.66,4.188,0
6.506,1.819,1
4.5,2.131,0
5.835,2.351,1
6.643,0.423,1
4.552,4.787,0
5.3,0.515,1
3.377,1.88,0
1.975,2.749,0
5.576,0.941,1
1.708,0.808,0
0.05,0.03,0
6.875,6.562,0
5.722,0.395,1
1.49,5.802,1
1.515,4.709,1
2.071,6.789,1
1.472,0.406,0
4.513,3.159,0
0.865,1.333,0
3.68,1.395,0
4.115,2.679,0
0.619,5.127,1
6.442,3.751,0
4.095,1.526,0
3.974,3.129,0
0.856,0.714,0
6.57,6.499,0
5.734,2.759,1
0.556,2.596,0
6.469,6.367,0
3.961,6.517,0
4.174,3.528,0
5.571,5.372,0
1.386,3.534,0
2.223,1.771,0
1.618,6.206,1
5.342,5.593,0
5.517,1.484,1
0.862,1.639,0
3.438,5.973,0
2.095,6.897,1
1.201,5.136,1
6.626,5.789,0
4.072,3.658,0
3.615,4.646,0
5.057,2.405,0
4.965,6.164,0
2.733,1.451,0
5.486,4.186,0
5.855,3.451,0
1.334,2.392,0
1.366,1.897,0
5.29,1.137,1
6.365,6.562,0
1.076,2.174,0
5.897,0.788,1
6.164,0.949,1
5.619,6.774,0
4.423,3.313,0
3.824,1.509,0
1.461,5.951,1
6.126,5.563,0
3.742,4.383,0
2.222,3.042,0
2.102,4.477,0
2.36,1.428,0
0.665,0.246,0
6.187,0.209,1
4.432,1.571,0
6.584,4.563,0
4.929,4.883,0
2.586,5.245,0
4.582,5.378,0
5.499,1.46,1
6.941,0.336,1
3.718,6.945,1
5.176,2.19,1
5.346,1.538,1
3.831,3.541,0
6.117,0.839,1
1.663,1.967,0
1.065,3.077,0
5.309,1.865,1
2.424,3.294,0
5.342,1.206,1
6.062,1.334,1
4.864,0.184,1
3.39,0.902,0
2.106,6.978,1
6.985,4.389,0
1.014,4.203,1
5.35,0.867,1
1.03,3.558,0
6.923,4.627,0
4.617,2.627,0
6.945,0.206,1
6.244,6.269,0
3.38,5.673,0
3.303,0.668,0
4.385,6.584,0
5.068,4.667,0
5.238,3.33,0
4.931,3.368,0
3.49,0.629,0
0.364,6.568,1
0.671,6.817,1
5.406,6.353,0
1.886,4.43,0
6.909,0.603,1
5.656,4.719,0
1.69,0.636,0
3.222,3.36,0
1.743,1.785,0
5.274,0.014,1
6.423,5.761,0
1.665,6.514,1
4.062,3.984,0
4.988,4.562,0
0.487,0.806,0
0.835,2.027,0
2.461,1.673,0
3.811,5.092,0
3.386,6.632,1
5.767,6.065,0
0.052,1.362,0
4.552,1.115,1
0.991,5.782,1
0.939,2.33,0
2.328,0.671,0
2.288,3.236,0
3.839,6.122,0
1.29,3.331,0
2.565,6.761,1
0.821,1.789,0
5.557,5.429,0
2.744,3.725,0
6.351,4.989,0
5.052,3.357,0
4.411,0.332,1
2.65,3.835,0
5.445,5.307,0
2.741,6.889,1
5.754,4.539,0
3.737,1.298,0
3.252,3.875,0
4.01,2.988,0
1.016,0.366,0
3.722,5.534,0
3.988,3.458,0
3.711,4.804,0
0.988,5.086,1
5.089,1.111,1
2.177,6.663,1
5.832,4.949,0
4.271,2.231,0
6.532,0.22,1
1.052,0.148,0
5.441,1.162,1
5.204,2.67,0
3.069,3.481,0
5.912,0.453,1
5.382,0.997,1
0.032,4.962,1
3.401,1.045,0
0.002,4.313,1
6.469,5.786,0
1.064,4.919,1
3.481,3.812,0
6.324,1.209,1
2.565,0.193,0
5.538,6.167,0
6.211,1.029,1
6.896,1.748,1
0.252,5.021,1
5.92,6.225,0
6.886,5.766,0
4.585,4.619,0
1.861,1.165,0
1.525,6.757,1
1.273,3.219,0
4.586,0.776,1
2.174,1.598,0
3.318,2.196,0
4.4,2.931,0
0.912,3.6,0
0.196,2.208,0
4.132,5.708,0
6.478,2.702,1
0.578,5.435,1
4.444,4.723,0
3.008,1.236,0
1.868,3.556,0
2.085,0.91,0
6.635,5.079,0
1.838,5.046,1
0.3,1.661,0
6.198,1.395,1
4.111,4.651,0
6.156,0.748,1
2.713,6.342,1
6.718,4.575,0
2.375,3.48,0
1.573,6.867,1
0.731,1.639,0
3.08,3.693,0
5.46,3.5,0
1.192,5.056,1
6.998,5.352,0
1.955,0.021,0
6.961,3.268,1
0.686,4.27,1
1.169,5.645,1
4.837,4.172,0
6.759,0.483,1
4.891,1.179,1
3.186,3.143,0
5.452,6.469,0
3.429,6.857,1
1.694,2.375,0
5.918,5.577,0
4.169,6.45,0
0.255,3.033,0
1.599,2.659,0
2.999,4.871,0
4.326,4.027,0
4.02,3.115,0
2.831,2.04,0
2.678,6.47,1
4.819,5.465,0
6.155,0.75,1
5.359,3.163,0
3.959,6.705,0
0.829,4.061,1
1.105,6.724,1
1.365,0.533,0
6.011,3.615,0
6.888,1.402,1
1.175,0.286,0
1.493,4.267,0
2.103,3.457,0
1.544,3.071,0
3.06,1.377,0
0.804,3.204,0
2.997,6.805,1
3.298,2.339,0
6.262,4.154,0
1.815,1.949,0
6.612,3.041,1
0.828,1.621,0
2.862,2.458,0
4.438,3.522,0
5.637,3.388,0
1.501,0.803,0
0.693,5.578,1
2.406,0.223,0
2.021,4.736,0
5.194,3.764,0
0.449,1.517,0
3.662,2.514,0
1.426,5.378,1
2.535,6.066,1
4.71,3.538,0
0.671,4.849,1
6.518,6.005,0
4.252,3.914,0
0.184,4.896,1
2.35,6.726,1
5.291,4.14,0
0.145,5.135,1
6.128,4.092,0
6.032,5.769,0
1.917,6.89,1
6.104,0.341,1
1.403,0.362,0
5.182,4.678,0
1.24,3.182,0
6.595,5.864,0
0.029,1.923,0
3.122,2.912,0
3.898,3.692,0
2.795,6.1,1
6.194,5.6,0
4.435,2.689,0
3.404,5.746,0
1.358,3.157,0
3.673,3.504,0
6.607,2.262,1
0.45,5.567,1
3.41,6.471,1
3.749,6.872,1
6.934,1.294,1
6.976,2.284,1
2.756,1.303,0
5.627,2.262,1
2.638,1.715,0
4.989,0.05,1
4.873,6.761,0
5.366,4.681,0
1.531,6.895,1
6.447,0.171,1
2.491,2.295,0
1.851,4.772,1
6.889,4.682,0
0.533,0.825,0
1.14,0.832,0
2.145,1.109,0
2.964,1.651,0
2.347,3.31,0
0.362,3.59,1
5.212,4.117,0
5.195,5.602,0
1.827,4.166,0
1.114,3.524,0
0.514,2.454,0
6.053,4.921,0
5.575,2.781,0
2.125,6.61,1
2.879,5.672,0
6.73,4.286,0
0.227,1.074,0
4.299,3.794,0
2.708,0.57,0
3.367,3.009,0
3.279,2.023,0
1.241,0.194,0
1.116,3.246,0
3.367,3.296,0
3.621,4.714,0
2.362,5.317,1
5.082,0.486,1
2.374,2.878,0
1.405,2.477,0
1.357,5.967,1
3.829,5.117,0
1.815,5.27,1
6.694,4.013,0
6.526,1.654,1
0.029,2.567,0
2.559,0.107,0
4.87,5.976,0
2.177,4.36,0
2.754,4.098,0
0.538,3.226,0
6.6,0.822,1
3.366,4.607,0
1.197,3.423,0
6.15,0.4,1
4.22,2.03,0
0.462,6.281,1
3.149,0.805,0
6.275,4.865,0
5.976,3.674,0
2.285,1.02,0
5.67,2.568,1
5.508,5.242,0
1.059,1.474,0
4.095,3.029,0
1.635,2.297,0
4.052,5.775,0
3.475,4.825,0
1.645,6.748,1
0.577,0.145,0
2.133,3.901,0
1.458,4.069,0
5.552,2.703,0
0.373,6.959,1
5.522,4.252,0
4.061,6.764,0
5.936,4.774,0
0.473,1.048,0
2.664,1.759,0
5.598,2.893,0
1.747,6.651,1
0.435,6.95,1
1.472,2.786,0
5.203,4.959,0
4.071,1.037,1
0.511,0.962,0
3.349,6.581,1
3.718,1.367,0
3.89,0.12,1
1.63,6.622,1
1.554,2.023,0
4.917,3.088,0
3.405,5.812,0
1.728,3.75,0
6.058,6.956,0
0.504,5.714,1
3.149,6.06,1
1.173,4.316,1
3.046,1.733,0
3.673,2.636,0
1.4,2.587,0
3.922,1.666,0
6.445,2.809,1
4.006,1.935,0
6.78,0.699,1
0.709,5.074,1
5.412,4.649,0
2.79,1.233,0
2.185,1.853,0
2.895,6.768,1
1.816,3.339,0
4.597,3.684,0
6.098,0.649,1
2.957,6.162,1
3.783,3.299,0
1.886,4.187,0
3.58,2.748,0
1.325,1.752,0
6.538,6.245,0
2.508,4.056,0
4.051,1.463,0
6.133,2.449,1
0.994,6.091,1
6.93,0.569,1
5.309,5.345,0
2.657,4.296,0
2.258,4.139,0
4.864,3.811,0
1.5,5.977,1
2.225,2.443,0
2.923,5.263,0
6.846,2.35,1
4.222,4.562,0
3.844,2.8,0
6.122,1.045,1
1.294,5.43,1
1.691,5.187,1
1.159,2.873,0
5.613,6.083,0
4.028,0.864,1
0.076,4.78,1
1.815,3.665,0
3.891,5.483,0
0.886,5.558,1
5.989,0.452,1
1.598,0.341,0
4.493,1.664,0
6.979,5.277,0
0.73,6.085,1
3.73,2.023,0
4.788,5.082,0
6.557,4.599,0
4.78,0.541,1
3.069,6.522,1
2.698,0.426,0
5.07,0.458,1
4.281,5.114,0
4.31,1.763,0
2.287,5.962,1
4.802,3.45,0
4.522,0.067,1
2.205,2.153,0
1.57,1.625,0
5.162,6.825,0
2.787,4.3,0
1.242,6.065,1
4.029,4.148,0
5.574,5.945,0
5.708,2.083,1
4.488,6.706,0
2.328,1.736,0
1.87,1.695,0
1.941,1.863,0
5.726,6.248,0
3.328,3.055,0
1.782,5.732,1
3.696,6.748,1
5.602,3.559,0
0.924,5.908,1
2.865,5.677,0
4.508,3.108,0
5.421,2.765,0
2.437,6.194,1
3.041,5.552,0
4.812,1.816,1
1.097,2.594,0
4.745,1.183,1
1.796,2.076,0
1.389,3.838,0
6.143,1.524,1
1.633,4.91,1
5.313,3.699,0
0.932,3.307,0
0.175,0.471,0
0.08,5.487,1
1.062,2.018,0
6.599,1.729,1
6.13,1.015,1
2.193,3.262,0
6.814,4.26,0
5.712,2.072,1
5.208,2.446,0
1.593,4.243,0
0.468,5.73,1
3.821,0.308,1
2.736,0.576,0
3.829,5.708,0
4.267,2.1,0
1.798,3.774,0
5.003,2.326,0
3.09,1.931,0
5.762,6.777,0
4.873,0.508,1
2.13,6.671,1
4.669,3.937,0
3.889,6.248,0
3.341,5.32,0
4.132,2.524,0
3.328,3.786,0
2.97,3.236,0
6.493,6.453,0
3.602,4.605,0
0.992,5.59,1
5.88,3.794,0
3.361,6.629,1
5.4,4.214,0
1.832,3.093,0
3.869,5.099,0
6.776,1.019,1
6.84,2.789,1
2.778,3.386,0
4.518,3.284,0
1.07,2.735,0
6.592,3.038,1
0.274,2.538,0
5.443,0.789,1
0.165,0.324,0
0.88,4.718,1
1.632,3.428,0
3.404,2.218,0
4.953,2.239,0
2.096,2.019,0
2.618,2.329,0
1.466,2.202,0
4.849,0.982,1
4.75,5.391,0
6.247,0.577,1
1.419,6.156,1
5.84,3.06,0
2.521,4.515,0
1.444,1.83,0
3.124,2.214,0
6.305,1.785,1
3.425,0.899,0
5.208,0.877,1
0.614,3.683,1
3.56,2.027,0
5.474,2.537,1
6.125,6.719,0
3.656,1.04,0
3.114,6.846,1
4.034,2.192,0
2.98,4.096,0
0.539,1.304,0
0.352,3.392,1
3.558,6.879,1
6.237,2.559,1
6.867,2.375,1
4.553,0.34,1
3.369,0.492,0
2.231,6.177,1
1.766,3.573,0
5.922,5.693,0
6.791,6.992,0
6.951,4.696,0
2.843,4.22,0
5.479,1.436,1
6.173,4.498,0
6.413,5.52,0
4.699,0.583,1
0.377,2.216,0
5.679,3.031,0
2.829,4.629,0
4.952,2.114,0
1.451,0.838,0
4.369,5.278,0
0.191,6.364,1
3.387,4.435,0
2.831,3.533,0
0.617,6.648,1
0.934,0.466,0
6.18,4.037,0
1.575,2.761,0
1.393,0.728,0
2.208,4.757,0
2.25,0.051,0
3.899,1.482,0
1.84,6.042,1
6.301,4.111,0
4.542,6.886,0
3.942,4.866,0
5.042,5.98,0
5.003,4.188,0
4.847,2.859,0
1.064,4.396,1
6.893,3.847,1
1.403,4.637,1
2.6,2.289,0
2.617,1.91,0
6.4,2.359,1
4.792,5.874,0
2.422,6.221,1
4.821,6.544,0
5.056,5.4,0
4.402,6.107,0
4.535,5.79,0
4.995,2.321,0
3.255,0.475,0
1.08,6.217,1
5.292,0.104,1
4.614,3.226,0
3.491,1.289,0
1.903,4.015,0
6.235,3.7,0
1.154,2.714,0
6.894,0.214,1
6.398,2.46,1
3.504,1.537,0
0.085,5.633,1
4.652,0.171,1
6.904,5.113,0
2.265,0.755,0
6.294,0.801,1
4.087,0.851,1
5.865,4.008,0
2.56,3.136,0
5.996,2.86,1
4.736,2.574,0
6.118,6.496,0
2.385,5.727,1
5.65,1.14,1
0.044,3.097,1
0.893,3.297,0
6.005,1.861,1
3.342,4.233,0
4.496,0.996,1
2.245,2.321,0
4.889,5.852,0
5.397,4.067,0
3.976,1.843,0
0.548,4.324,1
0.691,5.198,1
6.12,2.297,1
5.551,1.626,1
3.145,1.794,0
5.189,2.651,0
3.834,5.568,0
0.325,6.196,1
4.118,2.09,0
0.678,4.344,1
2.71,6.679,1
1.186,5.313,1
4.667,0.532,1
5.029,0.975,1
6.104,3.936,0
6.862,4.779,0
4.968,5.86,0
4.645,1.873,0
3.842,3.709,0
0.382,6.419,1
1.692,6.896,1
6.822,3.01,1
4.597,1.653,1
6.724,0.326,1
2.732,4.178,0
2.215,0.991,0
0.388,4.359,1
0.28,3.112,0
6.306,6.865,0
1.387,2.619,0
0.159,3.629,1
2.989,2.54,0
0.69,1.294,0
3.777,3.019,0
2.968,4.341,0
3.411,5.317,0
3.262,2.519,0
2.788,0.521,0
0.673,1.734,0
2.808,1.221,0
5.337,1.146,1
6.221,4.107,0
4.537,4.573,0
6.912,6.538,0
0.586,3.592,1
2.169,1.822,0
4.437,4.077,0
4.988,2.554,0
5.161,2.182,1
3.104,1.306,0
6.575,2.356,1
1.321,3.008,0
6.313,6.537,0
4.879,2.212,0
4.866,2.31,0
1.023,1.047,0
2.868,5.501,0
5.988,6.391,0
2.701,4.025,0
5.358,5.691,0
4.25,6.91,0
1.276,4.197,1
4.186,6.72,0
0.035,6.237,1
3.156,1.648,0
0.555,4.388,1
5.79,6.963,0
4.241,6.57,0
1.494,6.852,1
0.225,5.228,1
0.752,3.171,0
1.652,3.21,0
4.155,1.837,0
2.294,4.68,0
2.472,1.185,0
4.432,5.739,0
3.149,2.37,0
0.514,6.251,1
1.267,3.837,0
2.093,4.346,0
1.499,0.357,0
4.798,0.706,1
2.042,3.128,0
4.861,3.093,0
2.341,4.444,0
0.106,0.158,0
5.018,6.306,0
0.355,6.521,1
5.426,0.879,1
4.746,3.652,0
3.287,4.135,0
2.436,2.856,0
3.176,0.982,0
0.627,1.294,0
2.305,3.998,0
1.258,4.599,1
5.564,0.141,1
1.005,5.509,1
0.022,5.724,1
5.918,6.991,0
3.627,6.72,1
1.987,1.426,0
3.398,3.478,0
5.783,5.925,0
1.18,0.11,0
6.115,0.55,1
3.641,2.938,0
6.947,5.58,0
0.881,3.136,0
6.59,2.077,1
5.774,2.919,0
5.894,2.759,1
3.588,4.805,0
6.921,0.316,1
0.487,0.229,0
0.76,5.143,1
1.082,5.772,1
3.239,0.298,1
3.308,3.721,0
4.041,0.269,1
2.766,3.268,0
0.927,0.713,0
3.657,4.911,0
4.025,6.504,0
6.847,3.528,1
6.018,6.684,0
3.578,5.505,0
2.672,6.851,1
4.272,2.323,0
3.018,3.041,0
0.898,5.522,1
2.259,0.077,0
4.216,0.423,1
4.997,1.237,1
6.529,5.336,0
2.889,6.494,1
0.904,5.165,1
6.048,6.604,0
2.622,0.724,0
6.878,2.278,1
5.676,4.262,0
4.362,6.341,0
3.344,0.698,0
1.885,6.831,1
2.962,3.784,0
0.448,3.054,0
1.054,0.524,0
4.615,5.263,0
3.716,0.016,1
3.753,2.191,0
3.592,1.87,0
0.785,4.428,1
4.918,4.648,0
5.866,1.577,1
6.023,6.839,0
4.532,1.762,0
1.094,3.577,0
1.328,0.094,0
1.89,1.685,0
2.605,6.778,1
6.584,4.102,0
0.402,3.041,0
5.577,2.473,1
5.285,6.547,0
2.452,3.602,0
0.854,6.602,1
3.285,5.674,0
3.7,2.683,0
1.415,4.673,1
0.348,4.086,1
3.007,3.58,0
3.787,3.101,0
1.323,6.103,1
3.86,0.17,1
4.298,5.344,0
0.332,0.22,0
6.008,4.968,0
5.291,6.183,0
1.821,3.743,0
3.527,2.734,0
1.76,3.709,0
2.1,3.37,0
0.628,4.514,1
4.196,4.951,0
6.308,2.372,1
4.11,6.562,0
0.605,5.166,1
5.149,6.541,0
5.554,1.142,1
3.59,2.839,0
3.238,3.488,0
5.411,1.877,1
4.822,4.625,0
0.035,5.824,1
6.05,5.27,0
2.743,0.645,0
0.53,1.911,0
5.773,1.092,1
3.985,4.965,0
5.944,2.97,1
0.584,3.024,0
4.643,6.641,0
2.305,1.924,0
3.474,0.476,1
3.565,1.475,0
3.979,4.69,0
0.811,2.512,0
1.868,1.93,0
6.571,5.641,0
6.532,6.318,0
0.513,1.6,0
0.789,3.019,0
2.037,1.288,0
5.877,0.027,1
2.786,3.378,0
4.225,6.835,0
0.428,6.02,1
3.385,4.443,0
1.868,4.993,1
1.396,3.397,0
4.905,2.477,0
4.781,2.215,0
1.945,1.278,0
4.313,2.391,0
6.701,5.383,0
4.604,2.047,0
3.278,2.642,0
0.853,0.232,0
2.796,6.393,1
6.035,4.686,0
4.473,4.298,0
6.801,1.123,1
2.544,5.526,1
1.604,2.341,0
1.373,6.209,1
0.699,0.558,0
1.13,6.73,1
4.454,4.543,0
0.034,2.847,0
6.86,5.386,0
0.738,0.256,0
3.356,6.156,0
3.964,3.898,0
6.783,5.669,0
2.329,6.733,1
4.444,4.9,0
5.11,6.53,0
3.116,1.2,0
2.342,6.797,1
4.702,4.246,0
4.311,5.75,0
1.839,4.033,0
4.369,0.655,1
3.135,2.417,0
1.276,6.803,1
4.864,6.214,0
2.59,5.336,0
5.019,5.187,0
1.771,1.493,0
3.355,4.825,0
4.243,3.709,0
2.162,3.273,0
2.274,5.776,1
3.237,0.5,0
4.826,3.34,0
5.416,6.5,0
2.278,5.251,1
3.736,0.493,1
2.119,0.515,0
3.752,3.983,0
2.453,6.502,1
2.359,1.888,0
6.647,2.039,1
0.75,3.054,0
3.209,0.562,0
1.24,5.34,1
6.437,5.899,0
1.107,0.553,0
4.639,4.08,0
3.855,4.967,0
3.478,1.237,0
5.476,3.382,0
6.518,6.246,0
3.284,4.486,0
4.363,4.558,0
4.267,5.097,0
6.521,5.799,0
4.775,2.069,0
3.053,1.643,0
5.824,1.78,1
3.546,4.594,0
5.256,4.271,0
6.769,0.134,1
5.917,3.698,0
2.702,3.733,0
1.479,5.58,1
0.903,6.552,1
2.325,6.64,1
4.671,4.222,0
5.58,4.177,0
0.779,5.691,1
2.496,4.336,0
5.824,0.209,1
5.101,2.172,1
2.86,1.589,0
5.376,5.932,0
2.982,5.016,0
6.302,0.843,1
2.268,6.744,1
0.389,4.012,1
0.661,0.631,0
1.835,5.037,1
1.689,2.388,0
2.165,5.22,1
1.31,3.923,0
5.435,4.788,0
3.588,1.784,0
4.574,2.111,0
3.672,1.308,0
0.595,0.234,0
5.944,6.162,0
1.647,2.013,0
6.835,5.059,0
1.929,1.772,0
6.644,3.535,1
5.195,3.236,0
3.801,5.37,0
1.679,1.777,0
2.203,0.778,0
5.988,3.38,0
2.837,3.113,0
1.873,0.057,0
2.153,6.562,1
5.462,1.189,1
5.78,5.417,0
1.291,6.424,1
5.047,2.106,1
1.637,0.722,0
1.263,2.149,0
4.786,3.289,0
4.377,5.873,0
5.775,3.102,0
3.486,5.283,0
6.962,5.038,0
5.2,6.461,0
1.49,0.512,0
0.763,5.5,1
3.184,6.548,1
0.297,4.606,1
0.752,1.597,0
0.382,2.152,0
1.702,4.654,1
6.435,0.038,1
2.813,5.317,0
6.016,4.007,0
4.229,0.22,1
2.463,3.247,0
2.212,0.09,0
4.905,1.554,1
4.197,6.957,0
3.341,5.214,0
6.627,2.339,1
5.383,0.476,1
5.618,2.473,1
3.878,0.262,1
2.52,3.295,0
2.717,6.639,1
5.44,1.805,1
1.444,6.755,1
6.168,6.1,0
3.451,0.299,1
4.668,4.982,0
1.573,0.209,0
3.431,3.027,0
6.779,4.163,0
6.952,2.132,1
1.437,0.345,0
2.852,5.903,1
6.637,2.025,1
5.263,3.761,0
5.077,6.706,0
6.121,3.07,1
3.412,6.033,0
0.106,3.445,1
4.002,0.027,1
6.797,3.398,1
4.559,0.22,1
6.261,5.788,0
1.622,6.505,1
3.099,5.519,0
5.006,0.484,1
1.332,2.09,0
0.488,4.809,1
1.455,2.692,0
4.754,0.416,1
4.273,6.62,0
6.09,6.09,0
5.441,6.451,0
5.734,2.115,1
6.905,1.57,1
1.967,2.633,0
0.042,3.12,1
1.632,1.694,0
2.956,0.567,0
6.742,2.261,1
1.68,5.352,1
4.188,1.47,0
5.137,0.523,1
5.628,0.547,1
5.566,2.536,1
1.527,3.568,0
2.148,2.504,0
5.407,0.164,1
3.418,3.709,0
5.214,5.304,0
3.888,0.202,1
3.762,1.426,0
3.341,5.178,0
6.258,4.891,0
1.815,3.716,0
0.125,0.666,0
5.404,2.287,1
4.151,5.586,0
5.702,0.797,1
3.171,3.305,0
6.239,2.302,1
5.792,3.813,0
6.871,2.124,1
2.191,6.982,1
5.181,4.855,0
3.395,5.577,0
5.969,5.83,0
0.286,1.875,0
3.134,5.627,0
4.026,4.271,0
4.677,0.302,1
6.275,2.794,1
0.803,2.277,0
4.849,0.241,1
6.183,6.578,0
5.164,0.866,1
0.883,5.63,1
4.469,1.467,1
6.532,4.688,0
1.844,4.794,1
3.785,4.388,0
6.089,2.948,1
4.962,4.987,0
5.42,6.061,0
6.541,0.555,1
4.143,5.784,0
4.85,3.358,0
2.825,1.452,0
2.403,4.455,0
3.728,6.449,0
2.706,2.947,0
5.428,4.194,0
6.916,5.446,0
4.915,3.17,0
2.115,6.101,1
4.835,0.09,1
4.5,2.923,0
3.799,2.049,0
2.649,0.201,0
4.424,4.335,0
5.591,1.526,1
1.41,5.892,1
4.367,5.765,0
5.991,0.349,1
2.986,0.057,1
5.077,4.426,0
5.629,0.427,1
4.867,5.975,0
0.104,6.219,1
6.757,3.557,1
1.036,5.661,1
1.552,1.042,0
4.79,3.502,0
0.958,1.09,0
0.779,2.176,0
6.953,6.559,0
5.31,4.355,0
1.263,2.482,0
2.973,3.968,0
0.27,0.598,0
0.033,3.841,1
3.313,0.488,0
3.522,0.796,0
4.174,2.277,0
3.576,3.653,0
3.802,2.595,0
5.588,0.951,1
6.81,6.718,0
4.128,0.99,1
1.145,2.148,0
6.059,5.027,0
4.6,2.517,0
0.419,1.183,0
4.981,2.313,0
1.107,3.248,0
0.848,0.415,0
6.48,6.227,0
5.035,5.018,0
5.905,5.484,0
5.933,4.81,0
1.339,4.416,1
4.774,5.027,0
4.569,0.244,1
5.322,3.77,0
6.411,3.027,1
0.445,1.374,0
5.339,2.352,1
0.38,0.854,0
2.155,0.544,0
4.858,1.227,1
6.921,6.584,0
2.556,6.638,1
5.59,0.88,1
5.248,3.152,0
6.869,6.638,0
4.177,6.08,0
2.331,1.682,0
1.57,1.365,0
1.0,3.663,0
5.05,6.059,0
1.719,0.744,0
5.669,4.124,0
1.548,3.685,0
3.354,2.76,0
3.717,6.306,0
5.821,0.101,1
6.374,3.297,1
2.358,3.157,0
6.039,0.038,1
1.236,1.888,0
2.068,6.32,1
4.894,2.172,0
0.987,6.678,1
1.494,2.457,0
1.305,4.552,1
0.569,6.017,1
0.335,1.207,0
2.505,5.002,0
1.877,6.439,1
4.81,6.854,0
3.036,2.828,0
6.613,1.637,1
3.602,3.845,0
1.581,5.285,1
4.204,0.597,1
5.927,2.746,1
1.61,2.927,0
1.507,0.94,0
1.31,3.613,0
4.848,2.133,0
2.336,6.236,1
2.004,6.073,1
3.017,1.833,0
3.063,6.007,1
5.228,5.207,0
6.412,2.834,1
1.815,0.908,0
5.454,4.864,0
1.444,5.073,1
1.654,4.624,1
2.478,4.52,0
6.315,5.941,0
6.732,0.063,1
4.086,5.13,0
3.725,3.241,0
4.601,2.088,0
5.628,4.342,0
4.408,5.491,0
5.084,3.234,0
6.871,0.378,1
3.623,1.392,0
3.279,1.287,0
2.207,5.723,1
6.178,3.079,1
6.481,6.034,0
3.016,4.59,0
1.103,1.32,0
1.33,6.11,1
3.705,6.934,1
5.872,6.529,0
1.024,0.007,0
1.946,3.894,0
3.861,5.14,0
3.813,5.26,0
3.642,0.851,0
4.39,6.332,0
4.469,0.367,1
4.394,3.317,0
1.406,5.065,1
3.232,6.222,1
0.631,2.588,0
6.799,5.649,0
2.959,2.412,0
1.699,0.85,0
0.775,2.382,0
4.556,0.396,1
0.55,0.337,0
2.294,6.078,1
1.088,4.516,1
5.562,6.438,0
3.193,3.9,0
3.406,2.674,0
3.769,3.419,0
2.023,3.439,0
1.764,6.093,1
0.628,0.693,0
6.854,6.018,0
5.487,2.27,1
4.491,0.249,1
5.571,6.463,0
6.726,1.438,1
3.507,2.176,0
1.528,1.002,0
1.235,5.484,1
3.367,6.234,0
4.499,6.887,0
2.798,3.467,0
1.027,4.405,1
1.638,2.833,0
1.677,5.846,1
4.02,5.288,0
4.869,5.888,0
4.445,3.197,0
0.388,6.27,1
3.461,1.988,0
5.155,0.247,1
5.309,4.171,0
2.636,0.636,0
1.997,1.593,0
6.865,0.303,1
4.138,3.814,0
1.383,0.202,0
0.123,1.479,0
4.616,3.632,0
5.045,2.57,0
5.045,6.626,0
0.839,1.441,0
3.168,0.608,0
3.615,5.549,0
0.883,4.822,1
6.204,2.983,1
1.03,0.11,0
1.708,1.955,0
0.243,1.483,0
3.841,5.83,0
4.468,4.257,0
4.631,1.226,1
1.241,5.993,1
0.399,6.41,1
6.61,3.972,0
4.683,3.601,0
1.405,5.7,1
5.787,5.522,0
5.107,2.002,1
5.474,6.397,0
4.412,2.064,0
2.25,2.915,0
5.155,2.563,0
2.381,4.139,0
1.881,3.825,0
5.496,5.587,0
1.733,0.999,0
2.912,3.356,0
2.909,0.229,0
1.5,6.091,1
5.665,2.94,0
4.076,0.096,1
2.315,0.165,0
0.122,1.18,0
4.665,1.166,1
1.065,6.419,1
1.536,2.56,0
3.799,2.231,0
3.706,6.553,0
1.499,1.009,0
4.56,1.745,0
3.65,3.669,0
0.635,2.991,0
3.144,1.496,0
6.85,6.906,0
2.819,2.993,0
4.433,3.998,0
2.863,4.273,0
2.916,5.319,0
0.395,2.906,0
5.996,5.626,0
0.61,4.476,1
6.035,6.746,0
6.97,3.511,1
5.028,5.586,0
5.367,0.545,1
4.15,2.457,0
4.305,0.068,1
2.501,3.885,0
4.042,3.738,0
5.7,6.608,0
1.889,5.269,1
0.786,4.606,1
0.811,2.658,0
1.427,5.957,1
0.518,5.105,1
3.325,1.77,0
6.175,3.544,0
0.658,4.438,1
6.329,4.869,0
2.344,6.985,1
6.369,6.768,0
0.09,2.717,0
0.598,1.63,0
4.179,3.261,0
6.105,2.997,1
5.165,3.413,0
6.637,4.11,0
0.65,2.163,0
6.014,3.719,0
1.111,4.477,1
3.575,4.752,0
4.139,3.305,0
6.749,1.455,1
3.241,4.816,0
2.875,4.838,0
4.005,4.071,0
1.953,3.685,0
6.381,3.365,1
1.213,5.56,1
3.81,1.806,0
5.44,1.533,1
4.986,3.394,0
3.245,1.579,0
3.51,3.223,0
6.818,0.527,1
0.001,5.956,1
0.648,0.347,0
0.826,6.766,1
6.482,2.932,1
6.007,3.434,0
4.029,5.854,0
3.306,0.568,0
6.68,6.171,0
4.84,4.992,0
5.859,5.639,0
2.163,3.305,0
0.608,3.784,1
1.935,3.506,0
2.942,4.732,0
6.351,5.623,0
1.463,5.04,1
3.125,7.0,1
3.646,3.134,0
5.645,0.109,1
3.029,2.524,0
0.6,6.095,1
3.014,6.386,1
2.984,3.535,0
2.683,3.725,0
2.914,2.972,0
0.971,5.117,1
3.002,5.653,0
0.769,6.417,1
4.652,5.245,0
5.251,0.291,1
5.957,2.865,1
6.672,5.642,0
3.477,2.493,0
1.884,5.569,1
6.343,0.297,1
4.063,3.445,0
0.819,2.964,0
5.01,0.298,1
4.502,6.375,0
0.394,2.121,0
3.939,2.872,0
3.299,2.117,0
2.526,1.496,0
0.49,5.146,1
3.236,6.558,1
4.813,0.738,1
3.952,5.26,0
4.257,2.963,0
1.602,5.249,1
4.771,5.979,0
2.57,1.293,0
5.824,2.965,0
6.554,6.151,0
1.986,4.449,0
6.696,0.059,1
3.124,2.179,0
5.479,5.307,0
1.115,1.138,0
0.151,5.773,1
5.528,2.281,1
6.138,0.781,1
6.91,4.314,0
5.693,2.098,1
4.686,3.962,0
1.12,0.784,0
5.686,6.574,0
0.432,3.533,1
3.546,6.352,0
2.547,2.158,0
6.67,1.105,1
0.373,6.057,1
4.514,5.055,0
5.202,6.806,0
1.745,0.75,0
5.592,2.013,1
1.146,2.394,0
0.715,4.409,1
3.395,0.615,0
6.517,5.198,0
5.039,5.731,0
0.002,6.498,1
4.897,5.797,0
0.678,1.958,0
6.257,1.917,1
1.444,6.138,1
4.457,0.468,1
3.286,6.692,1
2.373,3.856,0
6.408,6.449,0
1.045,3.897,0
2.702,3.24,0
5.197,2.142,1
5.904,2.583,1
6.685,0.224,1
2.686,5.826,1
0.017,0.451,0
1.538,6.278,1
0.543,2.153,0
5.361,2.733,0
2.546,0.551,0
1.556,0.145,0
6.69,0.476,1
2.758,2.296,0
1.862,1.609,0
1.739,5.424,1
0.006,0.284,0
4.462,4.405,0
1.497,0.604,0
4.946,1.265,1
3.967,5.988,0
5.001,0.292,1
0.834,0.873,0
0.856,6.364,1
3.657,6.973,1
6.501,4.72,0
6.443,3.459,1
3.516,3.363,0
3.623,4.971,0
6.552,1.581,1
5.573,1.118,1
4.674,3.945,0
2.645,6.876,1
0.351,3.26,1
5.555,3.921,0
0.766,3.501,0
1.535,4.068,0
1.23,4.323,1
3.171,3.011,0
3.735,5.711,0
2.413,6.123,1
1.079,3.894,0
6.9,6.074,0
6.644,4.845,0
3.395,5.552,0
2.162,3.039,0
0.241,5.255,1
3.103,3.657,0
4.314,5.611,0
3.11,5.895,0
3.969,4.876,0
2.682,3.159,0
2.529,5.796,1
1.535,6.499,1
4.066,6.018,0
0.796,4.066,1
4.774,2.315,0
3.065,6.585,1
2.289,4.223,0
3.911,0.541,1
0.984,5.458,1
3.342,5.836,0
6.722,6.19,0
2.392,6.933,1
4.695,3.853,0
4.582,4.67,0
5.319,6.801,0
4.793,0.214,1
1.293,6.511,1
5.029,0.34,1
1.982,6.172,1
4.849,1.433,1
3.858,0.427,1
0.906,0.852,0
0.003,4.825,1
4.406,5.987,0
6.3,2.292,1
6.617,5.458,0
2.91,5.995,1
5.781,6.068,0
2.062,6.509,1
4.706,1.1,1
3.455,2.609,0
4.849,4.021,0
3.171,1.684,0
6.687,6.982,0
0.445,0.66,0
5.0,5.361,0
3.438,0.127,1
0.294,0.3,0
3.153,1.018,0
6.003,3.518,0
5.338,2.019,1
0.791,2.542,0
3.639,5.076,0
2.309,4.445,0
1.479,3.026,0
5.259,5.427,0
3.524,4.389,0
4.973,5.021,0
3.429,0.418,1
4.827,2.005,0
2.91,0.773,0
6.291,2.65,1
6.608,0.887,1
4.932,4.889,0
5.86,3.919,0
2.789,0.59,0
4.279,0.212,1
0.094,5.031,1
6.961,1.531,1
1.242,2.446,0
5.76,0.201,1
0.568,6.125,1
1.176,4.702,1
0.003,0.393,0
4.22,3.043,0
2.618,0.165,0
4.349,3.861,0
5.891,3.472,0
1.34,1.6,0
4.589,6.765,0
1.445,0.235,0
5.49,4.198,0
6.87,4.44,0
4.533,5.779,0
0.223,3.531,1
4.937,2.341,0
6.101,1.343,1
0.918,1.822,0
0.713,4.639,1
0.525,4.055,1
3.334,0.752,0
2.493,2.405,0
1.729,2.796,0
5.963,4.239,0
5.493,3.801,0
2.035,2.077,0
6.083,2.101,1
4.78,6.195,0
6.88,5.154,0
5.662,6.403,0
1.82,4.399,0
0.502,6.864,1
4.859,0.327,1
0.185,1.936,0
0.455,0.452,0
1.483,5.054,1
0.817,4.234,1
4.467,4.958,0
2.461,6.519,1
5.728,6.294,0
0.339,4.269,1
5.076,0.921,1
1.225,5.967,1
4.181,4.499,0
6.292,6.802,0
5.872,6.894,0
1.161,4.807,1
1.264,6.139,1
0.782,1.273,0
6.55,3.824,0
5.086,0.806,1
1.184,4.309,1
1.096,0.845,0
3.741,5.477,0
0.938,6.662,1
2.561,3.566,0
2.156,5.06,1
4.164,2.624,0
4.412,6.225,0
4.995,6.18,0
3.814,0.1,1
1.041,1.501,0
0.28,5.65,1
6.033,6.242,0
5.385,6.439,0
1.974,5.356,1
5.867,6.317,0
2.941,5.339,0
0.386,5.567,1
4.635,2.99,0
4.131,0.304,1
4.065,4.782,0
5.099,6.895,0
2.573,2.701,0
6.69,3.463,1
1.639,0.322,0
2.883,6.77,1
4.63,0.753,1
2.448,1.207,0
5.439,4.516,0
3.571,2.02,0
6.811,4.979,0
3.343,3.369,0
4.366,1.184,1
0.476,4.926,1
4.895,3.815,0
5.616,2.634,1
0.974,5.025,1
1.724,3.421,0
4.432,2.617,0
1.495,0.757,0
0.704,6.546,1
2.455,6.296,1
4.118,6.261,0
4.793,4.866,0
3.281,1.218,0
3.121,0.591,0
2.213,6.835,1
0.261,6.412,1
6.814,4.162,0
3.685,2.974,0
6.572,1.573,1
6.447,6.061,0
3.68,1.023,0
1.71,4.489,0
6.036,4.026,0
0.3,5.827,1
3.002,4.019,0
4.662,4.647,0
0.515,2.943,0
5.215,1.368,1
5.151,0.387,1
0.229,4.541,1
6.612,1.77,1
2.228,1.616,0
6.244,3.235,1
6.887,3.219,1
2.468,5.564,1
3.983,4.708,0
2.312,1.897,0
4.893,0.055,1
1.57,1.659,0
1.541,4.21,0
5.84,2.824,1
4.915,6.119,0
0.893,2.08,0
6.668,0.356,1
5.538,5.329,0
5.968,1.342,1
0.754,0.477,0
0.045,3.089,1
5.805,5.002,0
0.349,2.248,0
0.491,2.037,0
5.771,1.957,1
2.739,0.589,0
3.57,0.356,1
0.988,6.086,1
3.345,0.436,1
3.063,1.24,0
6.942,0.212,1
4.4,1.697,0
4.549,5.416,0
3.082,2.247,0
2.545,3.362,0
5.129,0.568,1
4.115,5.212,0
4.433,1.176,1
3.694,6.783,1
4.867,0.942,1
0.044,5.699,1
1.331,2.484,0
3.619,4.305,0
0.884,6.955,1
5.113,4.128,0
0.738,6.336,1
1.148,3.973,0
1.571,2.481,0
2.569,0.875,0
1.723,3.28,0
1.632,0.165,0
1.079,6.219,1
4.705,2.459,0
2.566,2.148,0
3.612,5.947,0
0.802,5.386,1
6.548,0.245,1
6.64,3.79,0
5.042,5.342,0
1.12,0.357,0
5.058,4.003,0
5.894,3.182,0
5.73,2.447,1
6.173,6.663,0
2.607,5.327,0
6.085,3.465,0
5.746,2.598,1
4.235,1.357,0
2.104,5.963,1
3.284,5.288,0
0.025,5.233,1
6.705,2.373,1
2.123,6.015,1
6.727,0.1,1
2.41,5.654,1
0.357,5.196,1
5.323,6.1,0
1.711,2.807,0
5.808,3.642,0
5.317,4.499,0
3.802,4.098,0
6.294,6.643,0
1.365,4.458,1
0.325,4.012,1
0.331,5.605,1
2.523,1.69,0
1.427,6.979,1
3.527,5.314,0
4.778,5.227,0
4.223,2.977,0
6.647,0.608,1
1.453,4.298,0
3.078,6.35,1
0.16,6.062,1
3.01,3.42,0
4.638,3.535,0
2.634,1.089,0
2.099,5.155,1
2.182,3.269,0
6.868,1.192,1
6.836,3.657,1
4.253,1.608,0
6.077,6.154,0
1.729,2.283,0
1.963,6.921,1
3.892,0.003,1
4.133,2.399,0
5.491,5.725,0
1.871,5.735,1
4.217,0.298,1
2.584,4.15,0
1.794,1.159,0
1.573,6.743,1
6.17,5.997,0
1.047,4.426,1
1.141,1.196,0
5.956,6.076,0
3.338,2.197,0
6.562,6.62,0
3.4,5.494,0
4.182,5.986,0
1.375,3.687,0
0.626,1.669,0
6.753,6.815,0
3.408,6.005,0
3.98,3.694,0
6.69,5.921,0
2.67,6.834,1
5.298,2.852,0
3.896,5.182,0
6.615,1.572,1
0.151,1.443,0
2.968,5.785,0
3.334,5.843,0
0.769,3.991,1
3.382,2.096,0
3.635,5.424,0
1.157,1.652,0
4.618,0.303,1
6.8,6.821,0
4.397,0.066,1
3.635,5.839,0
0.666,0.28,0
0.829,5.275,1
6.108,4.878,0
0.022,5.263,1
2.806,3.014,0
1.979,3.709,0
4.037,2.524,0
3.265,4.231,0
0.604,6.45,1
3.783,5.721,0
4.304,1.774,0
5.758,4.129,0
1.513,4.803,1
2.603,5.978,1
0.164,4.353,1
0.769,0.525,0
3.536,4.852,0
3.604,5.785,0
4.747,3.546,0
0.519,1.997,0
0.014,0.01,0
2.588,1.963,0
6.302,1.515,1
6.982,6.043,0
0.616,3.138,0
5.735,3.019,0
2.318,5.415,1
1.926,0.692,0
6.833,6.053,0
4.544,4.033,0
2.39,1.647,0
0.003,5.555,1
6.749,4.847,0
6.501,6.339,0
3.03,4.474,0
4.163,1.925,0
4.503,0.687,1
0.137,1.649,0
1.397,6.405,1
1.946,3.224,0
4.806,2.698,0
1.196,5.98,1
6.7,5.292,0
3.282,6.006,0
6.267,4.622,0
3.55,0.5,1
4.381,4.723,0
1.723,5.936,1
3.768,2.961,0
4.049,2.662,0
3.057,6.04,1
3.845,2.432,0
2.767,6.092,1
1.223,5.013,1
1.293,2.02,0
0.743,0.804,0
4.019,6.519,0
0.645,5.859,1
5.743,2.682,1
1.28,2.189,0
2.298,3.383,0
5.147,1.175,1
3.416,3.234,0
1.818,3.234,0
0.788,2.414,0
0.763,4.336,1
6.647,1.576,1
6.509,3.59,1
1.238,4.713,1
1.757,2.617,0
6.253,5.778,0
3.495,3.262,0
0.937,4.55,1
0.159,6.058,1
3.576,3.979,0
2.515,5.003,0
3.055,4.373,0
4.738,1.18,1
6.85,0.34,1
6.805,0.072,1
6.892,2.369,1
2.671,2.196,0
2.724,4.081,0
6.215,5.188,0
0.557,0.497,0
6.79,4.538,0
1.314,0.961,0
1.068,1.206,0
5.599,3.783,0
1.188,5.886,1
3.773,0.292,1
2.101,4.986,0
0.884,4.988,1
3.279,5.495,0
4.875,4.526,0
5.794,1.393,1
2.369,4.892,0
3.805,4.046,0
2.775,5.891,1
6.986,0.019,1
4.272,0.765,1
3.766,6.113,0
5.122,4.348,0
5.857,2.947,1
1.987,5.07,1
6.841,5.152,0
2.145,5.949,1
1.596,3.428,0
5.6,1.044,1
4.103,3.852,0
4.882,5.053,0
0.809,1.43,0
5.745,3.109,0
3.401,6.892,1
4.267,4.178,0
6.39,0.321,1
3.507,5.323,0
2.946,5.89,1
6.858,3.603,1
1.211,0.335,0
2.249,0.254,0
0.566,6.332,1
0.69,2.719,0
1.013,6.274,1
1.181,2.806,0
1.593,3.428,0
2.897,0.853,0
0.202,0.616,0
5.554,3.835,0
6.846,5.217,0
4.207,5.822,0
3.431,0.061,1
3.126,5.874,0
1.779,2.462,0
4.7,2.579,0
5.783,3.511,0
1.736,3.969,0
0.86,2.474,0
0.079,3.896,1
1.279,3.006,0
0.67,4.182,1
2.144,5.999,1
2.586,5.465,0
1.127,5.784,1
3.23,1.786,0
2.184,1.188,0
0.938,3.615,0
2.008,6.015,1
0.372,0.354,0
4.523,4.964,0
1.737,5.609,1
6.532,0.205,1
4.484,0.867,1
1.013,3.723,0
4.835,3.028,0
0.971,0.858,0
2.944,6.312,1
6.54,0.739,1
6.51,3.993,0
2.267,6.736,1
0.316,6.951,1
2.743,2.186,0
3.688,4.583,0
4.588,4.69,0
6.619,1.323,1
1.197,5.552,1
4.071,0.106,1
5.821,0.852,1
